Workbook

Sheet הנחיות
A1: תפיסת סיום שלב — כלי בקרת איכות | Agrotop
A2: מה זה הכלי:
A3: צ'קליסט למנהל הביצוע בנקודות סיום שלב (Hold Points). וידוא־על ניהולי מבוסס־תוצאה יחד עם המפקח — לא בדיקה הנדסית יומיומית (זו באחריות מפקח השטח). הדוח משמש את סמנכ"ל התפעול לאישור מסירה (Go / No-Go).
A4: איך ממלאים:
A5: כל סעיף: בוצע / לא בוצע / לא רלוונטי (בחירה מרשימה) + הערה. "לא רלוונטי" הוא ערך לגיטימי — כך טופס אחד משרת את כל סוגי הלולים.
A6: סעיף שסומן "לא בוצע": בוחרים חומרה, ופותחים שורה בגיליון "יומן ליקויים" — עם אחראי ותאריך יעד לתיקון.
A7: כלל מעבר בין שערים:
A8: 🟡 מינורי — ממשיכים, עם תיעוד ותאריך יעד לתיקון. 🟠 מז'ורי — רק עם טופס ויתור (Concession) בחתימה כפולה של מנהל הביצוע והמפקח. 🔴 קריטי (נסתר / מבני / בטיחותי) — עצירה מוחלטת, אין חתימה שעוקפת.
A9: בדיקת טרום־יציקה (גיליון "טרום יציקה") היא עצירת חובה לפני הזמנת הבטון — אין ויתורים. באחריות מפקח השטח, כולל תיעוד צילומי.
A10: עקרונות:
A11: התפיסה היא per־לול — כל לול בחווה נתפס בנפרד (עותק קובץ לכל לול). שדה ההערות/סטיות בכל שער מזין דוח מרוכז להנדסה בסוף הפרויקט.
A12: מסמכי ייחוס: שער 1 — תוכנית חווה + יסודות · שער 2 — שרטוט אגד עם ציוד (SC-03 / SC-03A) · שער 5 — תוכנית פריסת ציוד (SC-02A).
A13: ניפוק: הקובץ מנוהל כמאסטר אחד ע"י מנהל הביצוע בלבד. אין להעביר עותקים ערוכים בין מפקחים.

Sheet פתיחת פרויקט
A1: פתיחת פרויקט — ממלאים פעם אחת
A2: פרויקט / אתר
A3: מספר לולים בחווה
A4: לול מספר (הקובץ הזה)
A5: סוג לול
A6: ספק ציוד גידול
A7: חימום (יש / אין)
A8: מזרוני צינון (יש / אין)
A9: תריס מאוורר מנהרה (יש / אין)
A10: מנהל ביצוע
A11: מפקח שטח
A12: תאריך פתיחה
A14: מטריצת אחריות — מי אחראי על מה בפרויקט הזה
A15: תחום | B15: אחריות | E15: גורם חיצוני (מי?) | F15: הערות
A16: גז — חיבור, הרצה ואישור
A17: גנרטור חירום ו-ATS
A18: קו מים ראשי עד ראש המערכת
A19: חשמל — הזנה עד הלוח הראשי
A20: בודק חשמל מוסמך
A21: ציוד גידול — הרצה ואישור ספק
A22: אחר: ______
A23: ⚠ תחום שסומן "לקוח" או "גורם חיצוני" — הסעיפים המתאימים בשערים מסומנים "לא רלוונטי" עם הפניה לכאן.
A24: ⚠ לפי התצורה למעלה: אין חימום → סעיף חימום בשער 5 = לא רלוונטי. אין תריס → סעיף התריס בשער 4 = לא רלוונטי. וכן הלאה.

Sheet ריכוז סטטוס
A1: ריכוז סטטוס — תמונת מצב הלול
A2: שער | B2: בוצע | C2: לא בוצע | D2: לא רלוונטי | E2: טרם | F2: % הושלם | G2: סעיפים שסומנו "לא בוצע" (מספרי סעיף)
A3: טרום יציקה | B3: =COUNTIF('טרום יציקה'!$C$4:$C$10,"בוצע") -> 0 | C3: =COUNTIF('טרום יציקה'!$C$4:$C$10,"לא בוצע") -> 0 | D3: =COUNTIF('טרום יציקה'!$C$4:$C$10,"לא רלוונטי") -> 0 | E3: =7-B3-C3-D3 -> 7 | F3: =IF(7-D3=0,1,(B3)/(7-D3)) -> 0 | G3: =IF(H3="","—",MID(H3,3,300)) -> — | H3: =""&IF('טרום יציקה'!$C$4="לא בוצע",", "&"1","")&IF('טרום יציקה'!$C$5="לא בוצע",", "&"2","")&IF('טרום יציקה'!$C$6="לא בוצע",", "&"3","")&IF('טרום יציקה'!$C$7="לא בוצע",", "&"4","")&IF('טרום יציקה'!$C$8="לא בוצע",", "&"5","")&IF('טרום יציקה'!$C$9="לא בוצע",", "&"6","")&IF('טרום יציקה'!$C$10="לא בוצע",", "&"7","")
A4: שער 1 | B4: =COUNTIF('שער 1'!$C$3:$C$12,"בוצע") -> 0 | C4: =COUNTIF('שער 1'!$C$3:$C$12,"לא בוצע") -> 0 | D4: =COUNTIF('שער 1'!$C$3:$C$12,"לא רלוונטי") -> 0 | E4: =10-B4-C4-D4 -> 10 | F4: =IF(10-D4=0,1,(B4)/(10-D4)) -> 0 | G4: =IF(H4="","—",MID(H4,3,300)) -> — | H4: =""&IF('שער 1'!$C$3="לא בוצע",", "&"1","")&IF('שער 1'!$C$4="לא בוצע",", "&"2","")&IF('שער 1'!$C$5="לא בוצע",", "&"3","")&IF('שער 1'!$C$6="לא בוצע",", "&"4","")&IF('שער 1'!$C$7="לא בוצע",", "&"5","")&IF('שער 1'!$C$8="לא בוצע",", "&"6","")&IF('שער 1'!$C$9="לא בוצע",", "&"7","")&IF('שער 1'!$C$10="לא בוצע",", "&"8","")&IF('שער 1'!$C$11="לא בוצע",", "&"9","")&IF('שער 1'!$C$12="לא בוצע",", "&"10","")
A5: שער 2 | B5: =COUNTIF('שער 2'!$C$3:$C$12,"בוצע") -> 0 | C5: =COUNTIF('שער 2'!$C$3:$C$12,"לא בוצע") -> 0 | D5: =COUNTIF('שער 2'!$C$3:$C$12,"לא רלוונטי") -> 0 | E5: =10-B5-C5-D5 -> 10 | F5: =IF(10-D5=0,1,(B5)/(10-D5)) -> 0 | G5: =IF(H5="","—",MID(H5,3,300)) -> — | H5: =""&IF('שער 2'!$C$3="לא בוצע",", "&"1","")&IF('שער 2'!$C$4="לא בוצע",", "&"2","")&IF('שער 2'!$C$5="לא בוצע",", "&"3","")&IF('שער 2'!$C$6="לא בוצע",", "&"4","")&IF('שער 2'!$C$7="לא בוצע",", "&"5","")&IF('שער 2'!$C$8="לא בוצע",", "&"6","")&IF('שער 2'!$C$9="לא בוצע",", "&"7","")&IF('שער 2'!$C$10="לא בוצע",", "&"8","")&IF('שער 2'!$C$11="לא בוצע",", "&"9","")&IF('שער 2'!$C$12="לא בוצע",", "&"10","")
A6: שער 3 | B6: =COUNTIF('שער 3'!$C$3:$C$11,"בוצע") -> 0 | C6: =COUNTIF('שער 3'!$C$3:$C$11,"לא בוצע") -> 0 | D6: =COUNTIF('שער 3'!$C$3:$C$11,"לא רלוונטי") -> 0 | E6: =9-B6-C6-D6 -> 9 | F6: =IF(9-D6=0,1,(B6)/(9-D6)) -> 0 | G6: =IF(H6="","—",MID(H6,3,300)) -> — | H6: =""&IF('שער 3'!$C$3="לא בוצע",", "&"1","")&IF('שער 3'!$C$4="לא בוצע",", "&"2","")&IF('שער 3'!$C$5="לא בוצע",", "&"3","")&IF('שער 3'!$C$6="לא בוצע",", "&"4","")&IF('שער 3'!$C$7="לא בוצע",", "&"5","")&IF('שער 3'!$C$8="לא בוצע",", "&"6","")&IF('שער 3'!$C$9="לא בוצע",", "&"7","")&IF('שער 3'!$C$10="לא בוצע",", "&"8","")&IF('שער 3'!$C$11="לא בוצע",", "&"9","")
A7: שער 4 | B7: =COUNTIF('שער 4'!$C$4:$C$13,"בוצע") -> 0 | C7: =COUNTIF('שער 4'!$C$4:$C$13,"לא בוצע") -> 0 | D7: =COUNTIF('שער 4'!$C$4:$C$13,"לא רלוונטי") -> 0 | E7: =10-B7-C7-D7 -> 10 | F7: =IF(10-D7=0,1,(B7)/(10-D7)) -> 0 | G7: =IF(H7="","—",MID(H7,3,300)) -> — | H7: =""&IF('שער 4'!$C$4="לא בוצע",", "&"1","")&IF('שער 4'!$C$5="לא בוצע",", "&"2","")&IF('שער 4'!$C$6="לא בוצע",", "&"3","")&IF('שער 4'!$C$7="לא בוצע",", "&"4","")&IF('שער 4'!$C$8="לא בוצע",", "&"5","")&IF('שער 4'!$C$9="לא בוצע",", "&"6","")&IF('שער 4'!$C$10="לא בוצע",", "&"7","")&IF('שער 4'!$C$11="לא בוצע",", "&"8","")&IF('שער 4'!$C$12="לא בוצע",", "&"9","")&IF('שער 4'!$C$13="לא בוצע",", "&"10","")
A8: שער 5 | B8: =COUNTIF('שער 5'!$C$3:$C$21,"בוצע") -> 0 | C8: =COUNTIF('שער 5'!$C$3:$C$21,"לא בוצע") -> 0 | D8: =COUNTIF('שער 5'!$C$3:$C$21,"לא רלוונטי") -> 0 | E8: =19-B8-C8-D8 -> 19 | F8: =IF(19-D8=0,1,(B8)/(19-D8)) -> 0 | G8: =IF(H8="","—",MID(H8,3,300)) -> — | H8: =""&IF('שער 5'!$C$3="לא בוצע",", "&"1","")&IF('שער 5'!$C$4="לא בוצע",", "&"2","")&IF('שער 5'!$C$5="לא בוצע",", "&"3","")&IF('שער 5'!$C$6="לא בוצע",", "&"4","")&IF('שער 5'!$C$7="לא בוצע",", "&"5","")&IF('שער 5'!$C$8="לא בוצע",", "&"6","")&IF('שער 5'!$C$9="לא בוצע",", "&"7","")&IF('שער 5'!$C$10="לא בוצע",", "&"8","")&IF('שער 5'!$C$11="לא בוצע",", "&"9","")&IF('שער 5'!$C$12="לא בוצע",", "&"10","")&IF('שער 5'!$C$13="לא בוצע",", "&"11","")&IF('שער 5'!$C$14="לא בוצע",", "&"12","")&IF('שער 5'!$C$15="לא בוצע",", "&"13","")&IF('שער 5'!$C$16="לא בוצע",", "&"14","")&IF('שער 5'!$C$17="לא בוצע",", "&"15","")&IF('שער 5'!$C$18="לא בוצע",", "&"16","")&IF('שער 5'!$C$19="לא בוצע",", "&"17","")&IF('שער 5'!$C$20="לא בוצע",", "&"18","")&IF('שער 5'!$C$21="לא בוצע",", "&"19","")
A9: שער 6 | B9: =COUNTIF('שער 6'!$C$4:$C$21,"בוצע") -> 0 | C9: =COUNTIF('שער 6'!$C$4:$C$21,"לא בוצע") -> 0 | D9: =COUNTIF('שער 6'!$C$4:$C$21,"לא רלוונטי") -> 0 | E9: =18-B9-C9-D9 -> 18 | F9: =IF(18-D9=0,1,(B9)/(18-D9)) -> 0 | G9: =IF(H9="","—",MID(H9,3,300)) -> — | H9: =""&IF('שער 6'!$C$4="לא בוצע",", "&"1","")&IF('שער 6'!$C$5="לא בוצע",", "&"2","")&IF('שער 6'!$C$6="לא בוצע",", "&"3","")&IF('שער 6'!$C$7="לא בוצע",", "&"4","")&IF('שער 6'!$C$8="לא בוצע",", "&"5","")&IF('שער 6'!$C$9="לא בוצע",", "&"6","")&IF('שער 6'!$C$10="לא בוצע",", "&"7","")&IF('שער 6'!$C$11="לא בוצע",", "&"8","")&IF('שער 6'!$C$12="לא בוצע",", "&"9","")&IF('שער 6'!$C$13="לא בוצע",", "&"10","")&IF('שער 6'!$C$14="לא בוצע",", "&"11","")&IF('שער 6'!$C$15="לא בוצע",", "&"12","")&IF('שער 6'!$C$16="לא בוצע",", "&"13","")&IF('שער 6'!$C$17="לא בוצע",", "&"14","")&IF('שער 6'!$C$18="לא בוצע",", "&"15","")&IF('שער 6'!$C$19="לא בוצע",", "&"16","")&IF('שער 6'!$C$20="לא בוצע",", "&"17","")&IF('שער 6'!$C$21="לא בוצע",", "&"18","")
A10: ⚠ הריכוז מתעדכן אוטומטית מגיליונות השערים. סעיף שסומן "לא בוצע" — נפתחת לו שורה ביומן הליקויים (שער ← ואז רשימת הסעיפים מותאמת לשער שנבחר).

Sheet טרום יציקה
A1: 🔴 בדיקת טרום־יציקה (Pre-Pour) — באחריות מפקח השטח
A2: גיליון זה ממולא ונחתם על ידי מפקח השטח לפני כל יציקה. מסמכי ייחוס: תוכנית יסודות ותוכנית חווה.
A3: # | B3: הסעיף | C3: סטטוס | D3: חומרה (אם לא בוצע) | E3: הערה | F3: בוצע עם גורם חיצוני
A4: 1 | B4: המצעים הודקו בשכבות מבוקרות לדרגת הידוק מינימלית 98% לפי Modified AASHTO — דוח בדיקות צפיפות מהלקוח התקבל ותקין
A5: 2 | B5: המצעים ישרים ומהודקים ויזואלית, ללא אזורים רכים; הגבהים לפי תוכנית
A6: 3 | B6: העוגנים במיקום לפי תוכנית, אנכיים, אורך הברגה תקין, מקובעים לתבנית
A7: 4 | B7: כל השרוולים והחדירות (מים, חשמל, ניקוז, גז) במקום, במיקום לפי תוכנית, פתוחים ומסומנים
A8: 5 | B8: הזיון לפי תוכנית — קוטר, מרווחים, שומרי מרחק (ספייסרים)
A9: 6 | B9: התבניות יציבות, במידות ובמפלסים לפי תוכנית
A10: 7 | B10: תיעוד צילומי מלא בוצע לפני היציקה (עוגנים, שרוולים, זיון) ונשמר בתיק הפרויקט
A11: ⚠ עצירת חובה: אין להזמין בטון לפני שכל הסעיפים כאן "בוצע" — אין ויתורים ואין חתימה שעוקפת.
A12: ⚠ מנהל הביצוע מוודא את קיום התיעוד הזה במסגרת שער 1.
A14: מנהל ביצוע — שם, חתימה ותאריך:
A15: מפקח — שם, חתימה ותאריך:

Sheet שער 1
A1: 🔴 שער 1 — יסודות, בטונים ורצפה
A2: # | B2: הסעיף | C2: סטטוס | D2: חומרה (אם לא בוצע) | E2: הערה | F2: בוצע עם גורם חיצוני
A3: 1 | B3: 🛡️ העוגנים במקום ותקינים — במיקום לפי תוכנית, אנכיים, אורך הברגה תקין, ללא פגיעה. השלד יכול לשבת עליהם בלי התאמות בכוח
A4: 2 | B4: 🔧 הרצפה מפולסת, במפלס הנכון ובעובי לפי תוכנית — אין שקיעות או גלים, מעברי גובה תקינים (מפלס ה-0.00 האבסולוטי — לפי תוכנית החווה)
A5: 3 | B5: 🔧 שיפוע הניקוז עובד — המים זורמים לתעלות/פתחים, אין שלוליות עומדות
A6: 4 | B6: 🔧 תעלת הזבל / פתחי ניקוז תקינים — מיקום ושיפוע נכונים, נקיים, מעבר חופשי, אף־מים במקום
A7: 5 | B7: 🛡️ הבטון איכותי ובחוזק לפי הגדרת מחלקת ההנדסה — אין סדקים מהותיים, סגרגציה או התפוררות; דוח בדיקת 7 ימים התקבל ותקין
A8: 6 | B8: 📄 מעקב פתוח: תוצאות בדיקת 28 יום יצורפו לתיק וייסגרו בשער 2. תוצאה לא תקינה — עצירה ואישור קונסטרוקטור חיצוני דרך מחלקת ההנדסה
A9: 7 | B9: 🛡️ אשפרה בוצעה — טופל כראוי, אין סימני אשפרה לקויה
A10: 8 | B10: 🎨 גימור ונראות הרצפה — מוחלקת כנדרש, חלקה ואחידה, נקייה, ללא גבשושיות או כתמי יציקה
A11: 9 | B11: 📄 גיליון "טרום יציקה" מולא, נחתם ומתועד בצילומים
A12: 10 | B12: 📝 הערות כלליות / סטיות מהתכנון
A13: ⚠ מסמכי ייחוס: תוכנית חווה (מפלסי 0.00 לכל לול) + תוכנית יסודות.
A15: מנהל ביצוע — שם, חתימה ותאריך:
A16: מפקח — שם, חתימה ותאריך:

Sheet שער 2
A1: 🔴 שער 2 — שלד, חיזוקי רוח וקורות רפד
A2: # | B2: הסעיף | C2: סטטוס | D2: חומרה (אם לא בוצע) | E2: הערה | F2: בוצע עם גורם חיצוני
A3: 1 | B3: 🛡️ השלד עומד אנכי ויציב — עמודים אנכיים, פטות והלבשות מחוברות במקום, ללא נטיות או עיוותים
A4: 2 | B4: 🛡️ כל החיבורים מהודקים ותקינים — ברגים מוברגים ומהודקים, אין חסרים או רופפים, דיסקיות במקום, ריתוכים (אם יש) שלמים
A5: 3 | B5: 🛡️ חיזוקי הרוח מתוחים ופעילים — מותקנים במלואם במקומם לפי תוכנית, מתוחים (מותחנים), לא רפויים
A6: 4 | B6: 🛡️ קורות הרפד ישרות, מפולסות ובמפלס אחיד — מחוברות בעזרת קוצים לרצפה לפי תכנון, ללא סגרגציה, כל השקעים והחללים בקורות הושלמו, מוחלקות כראוי
A7: 5 | B7: 🛡️ נקודות תלייה וקונסטרוקציית משנה לציוד תלוי — כל נקודות התלייה, הפרופילים והחיזוקים הותקנו לפי שרטוט אגד עם ציוד (SC-03 / SC-03A): מספר נקודות לכל אגד, מיקום לפי מידות, ופרט חיבור כמשורטט — לפני סגירת התקרה
A8: 6 | B8: 🔧 הגיאומטריה תקינה — מידות, דיאגונלים, מרווחי עמודים אחידים; פתחי שערים, דלתות, מאווררים ומזרוני צינון — במיקום ובממדים לפי תוכנית
A9: 7 | B9: 🛡️ הגלוון תקין — אין פגיעות חשופות או חלודה; תיקוני גלוון קר במקום
A10: 8 | B10: 📄 סגירת מעקב בטון: תוצאות בדיקת 28 יום התקבלו ותקינות
A11: 9 | B11: 🎨 גימור ונראות הקונסטרוקציה — פלדה נקייה, ברגים מיושרים ואחידים, אין נזילות, חיבורים מסודרים
A12: 10 | B12: 📝 הערות כלליות / סטיות מהתכנון
A13: ⚠ הבחנת ממשק: בדיקת קורת הרפד עצמה — כאן. בדיקת האטימה בין הפנל לקורה — בשער 3.
A14: ⚠ מסמך ייחוס: שרטוט אגד עם ציוד (SC-03 מטילות / SC-03A פטם).
A16: מנהל ביצוע — שם, חתימה ותאריך:
A17: מפקח — שם, חתימה ותאריך:

Sheet שער 3
A1: 🔧 שער 3 — מעטפת המבנה: קירוי, תקרה, פנלים, בידוד, פלשונגים
A2: # | B2: הסעיף | C2: סטטוס | D2: חומרה (אם לא בוצע) | E2: הערה | F2: בוצע עם גורם חיצוני
A3: 1 | B3: 🔧 הגג אטום למים — פחי הגג כוסו במלואם בצורה ישרה, חפיפות נכונות, ברגים ואטמים במקום, אין חדירת מים, רוכבים/סוגרי גלים יושבים ואטומים; לא הותקנו פחים פגומים או בגוון לא תואם
A4: 2 | B4: 🔧 התקרה כוסתה בצורה ישרה ונאטמה כראוי — במקום, מחוברת ואטומה, ללא פערים
A5: 3 | B5: 🔧 הפנלים מותקנים ואטומים — קירות וגמלונים מותקנים, איטומי החיבורים (סיליקון/סיקהפלקס) רציפים ומלאים; לא הותקנו פנלים פגומים או בגוון לא תואם
A6: 4 | B6: 🔧 האטימה בחיבור בין פנל לקורה תקינה — החיבור והאיטום בין תחתית הפנלים לקורת הרפד רציף ואטום
A7: 5 | B7: 🛡️ הבידוד תקין ורציף — לכל שטח המעטפת, ללא גשרי קור, לא נמעך ולא נפגע, תואם למפרט
A8: 6 | B8: 🔧 הפלשונגים הותקנו כראוי — במקום, מנתבים מים החוצה, אטומים, לפי הרשימה שאושרה על ידי המפקח
A9: 7 | B9: 🎨 RAL ואחידות גוון — כל הפחים והפנלים באותו גוון, כיסוי מלא, אין שריטות או קילופים חשופים
A10: 8 | B10: 🎨 גימור ונראות המעטפת — קווים ישרים ומקבילים, ברגים מיושרים בשורות אחידות, חפיפות נקיות, פלשונגים ישרים, אין עיוותי פח
A11: 9 | B11: 📝 הערות כלליות / סטיות מהתכנון
A12: ⚠ בדיקת אטימות אוויר של המעטפת — בשער 6: בשלב זה חזית אחת נשארת בכוונה פתוחה להכנסת ציוד.
A14: מנהל ביצוע — שם, חתימה ותאריך:
A15: מפקח — שם, חתימה ותאריך:

Sheet שער 4
A1: 🔧 שער 4 — מערכות המבנה (ללא ציוד גידול)
A2: הכל ברמת "מותקן, אטום, תקין". פעולות שדורשות חשמל — הרצה בשער 5.
A3: # | B3: הסעיף | C3: סטטוס | D3: חומרה (אם לא בוצע) | E3: הערה | F3: בוצע עם גורם חיצוני
A4: 1 | B4: 🔧 שערים ודלתות — מותקנים, נעולים ותקינים: יושבים יציב, נעים חלק, לא רועדים; מערכות הנעילה עובדות (לרצפה, למשקוף, לצדדים); אטמים במקום, אטומים לאוויר ולאור (ידניים — נבדקים במלואם כאן)
A5: 2 | B5: 🔧 וילונות — מותקנים ואטומים: מתוחים, ללא קרעים, אטומים בקצוות ובתחתית; פסי ה-PVC למניעת קרעים בווילון מותקנים ומחוברים היטב (הפעלה — בשער 5)
A6: 3 | B6: 🔧 דמפרים / כניסות אוויר — מותקנים ואטומים, כולל מסגרות: המסגרות סביב הדמפרים מותקנות במלואן; הדמפרים אטומים כשסגורים, המנגנון מחובר (פתיחה וסנכרון — בשער 5)
A7: 4 | B7: 🔧 מאווררים — מותקנים ואטומים למעטפת: מקובעים, אטומים להיקף, תריסי הגנה תקינים, אין נזק לכנפיים
A8: 5 | B8: 🔧 סעיף מותנה — מאוורר מנהרה עם תריס: האינוורטר מותקן מצד ימין צמוד למאוורר; התריס ישר, מאוזן ותקין; קונטקטור מחובר לתריס ובסמוך אליו (לא בלוח החשמל). אם אין תריס — לא רלוונטי
A9: 6 | B9: 🔧 מזרוני צינון — מותקנים ואטומים למעטפת: המזרון אטום למעטפת, מאגר/תעלת מים וצנרת ללא דליפות (זרימה ופיזור — בשער 5)
A10: 7 | B10: 🛡️ רשתות לול — שלמות ומותקנות: מתוחות, מחוברות בכל ההיקף, ללא קרעים או פערים
A11: 8 | B11: 🛡️ קיבועים ומסגרות — יציבים: מעוגנים היטב, אין קיבוע רופף
A12: 9 | B12: 🎨 גימור ונראות — מיושר, מפולס, גוונים תואמים, אטמים חתוכים נקי, ברגים מסודרים
A13: 10 | B13: 📝 הערות כלליות / סטיות מהתכנון
A14: ⚠ תזמון: שער 4 נסגר מוקדם; ציוד הגידול וההרצה (שער 5) מגיעים שבועות עד חודשים אחר כך.
A16: מנהל ביצוע — שם, חתימה ותאריך:
A17: מפקח — שם, חתימה ותאריך:

Sheet שער 5
A1: 🔧 שער 5 — ציוד גידול, חשמל, בקרה והרצה
A2: # | B2: הסעיף | C2: סטטוס | D2: חומרה (אם לא בוצע) | E2: הערה | F2: בוצע עם גורם חיצוני
A3: 1 | B3: 🛡️ תנאי סף: חשמל מחובר ופעיל
A4: 2 | B4: 🔧 לוח חשמל — מותקן, מסומן, כבילה מסודרת, הארקה תקינה
A5: 3 | B5: 🔧 תאורה — כל הגופים דולקים, עמעום עובד, תוכנית תאורה הוגדרה (במטילות: תאורה מדורגת למניעת ביצי רצפה)
A6: 4 | B6: 🔧 בקר אקלים — מחובר, כל הגששים קוראים ערכים תקינים, תוכנית בסיס הוגדרה
A7: 5 | B7: 🔧 מערכת הגידול (אביארי/כלובים או רצפה) — מפולסת, מיושרת, נעולה, מקובעת (לפי סוג הלול)
A8: 6 | B8: 🔧 מערכת ההטלה / איסוף ביצים — מותקנת ותקינה, מנגנון גלגול/גירוש תקין (מטילות/רבייה; בפטם — לא רלוונטי)
A9: 7 | B9: 🔧 מסועי ביצים / זבל — מחוברים, מיושרים, מתוחים, מעבר חלק
A10: 8 | B10: 🔧 קווי הזנה כולל סילו וקו הולכה — הסילו מוקם על משטחו ותקין; קו ההולכה מהסילו מחובר ואטום בחדירת הקיר; קווי ההזנה מפולסים, בגובה, ללא נזילה או פיזור, כולל בקרת בקיעה; פריסה לפי תוכנית הציוד
A11: 9 | B11: 🔧 קווי שתייה — ללא נזילות, לחץ וגובה מתכווננים, סינון מים
A12: 10 | B12: 🔧 ראש מערכת המים — מותקן ותקין, כולל מערכת מתן תרופות (מדיקטור). הקו הראשי עד ראש המערכת — אחריות לקוח; מראש המערכת פנימה — אחריותנו
A13: 11 | B13: 🔧 חימום — התנורים מותקנים ותקינים; חיבור והרצת גז בוצעו ואומתו מול חברת הגז (הגז לעולם באחריות חברת הגז). אם אין חימום — לא רלוונטי
A14: 12 | B14: 🔧 מאווררים רצים — כיוון סיבוב נכון, ויסות מהירות (אינוורטר)
... A21: 19 | B21: 📝 הערות כלליות / סטיות מהתכנון
A22: ⚠ מסמך ייחוס: תוכנית פריסת ציוד (SC-02A).
A23: ⚠ סעיפי ציוד הגידול מותנים בתצורה שבגיליון "פתיחת פרויקט" — מה שלא קיים מסומן "לא רלוונטי".
A25: מנהל ביצוע — שם, חתימה ותאריך:
A26: מפקח — שם, חתימה ותאריך:

Sheet שער 6
A1: ✍️ שער 6 — מסירה פנימית
A2: המבנה סגור סופית והכל רץ. לבדיקות כלל־מבניות שבוצעו עם גורם חיצוני — לציין את הגורם בעמודה המתאימה.
A3: # | B3: הסעיף | C3: סטטוס | D3: חומרה (אם לא בוצע) | E3: הערה | F3: בוצע עם גורם חיצוני
A4: 1 | B4: ✅ שערים 1-5 הושלמו ונחתמו — אין ליקוי פתוח מהותי ביומן הליקויים
A5: 2 | B5: 🔧 אטימות אוויר — אין חדירת אוויר לא מבוקרת; אוויר נכנס רק דרך הפתחים המתוכננים
A6: 3 | B6: 🔧 אטימות אור — החשכה מלאה, אין דליפות אור סביב פתחים, דלתות ווילונות (קריטי במטילות)
A7: 4 | B7: 🔧 פיזור אוויר בנר עשן — זרימת האוויר אחידה בעין, אין אזורים מתים
A8: 5 | B8: 🔧 לחץ סטטי (מהבקר) — הלחץ שהבקר מציג תואם לערך הנדרש
A9: 6 | B9: 🔍 מהירות אוויר (בדיקת עומק מותנית) — רק אם הלחץ או הפיזור עוררו חשד; אחרת — לא רלוונטי
A10: 7 | B10: 🔧 מערכת ההזנה מקצה לקצה — מהסילו, דרך קו ההולכה, עד הצלחת/האבוס — הופעלה ועובדת ברצף
A11: 8 | B11: 🛡️ תרחיש חירום — נבדק בפועל: מדמים כשל חשמל ומוודאים שאוורור החירום נכנס לפעולה (וילון נופל / פתחי חירום נפתחים) והתראות הבקר פועלות
A12: 9 | B12: 🛡️ גנרטור חירום ומערכת התראה — התנעה אוטומטית (ATS) וחייגן נבדקו (אם באחריות הלקוח — לא רלוונטי + הערה)
A13: 10 | B13: 🎨 ניקיון הלול מבפנים — פונה מפסולת בנייה, נקי ומוכן
A14: 11 | B14: 🎨 סביבת האתר — פינוי פסולת, כבישי גישה, ניקיון היקפי
A15: 12 | B15: 🎨 החזרת ציוד וחלקים מיותרים למחסן — כל עודפי הציוד והחומרים הוחזרו ותועדו
... A21: 18 | B21: 📝 הערות כלליות
A23: מנהל ביצוע — שם, חתימה ותאריך:
A24: מפקח — שם, חתימה ותאריך:

Sheet יומן ליקויים
A1: יומן ליקויים — כל סעיף שסומן "לא בוצע" נרשם כאן
A2: מס' | B2: שער | C2: סעיף | D2: תיאור הליקוי | E2: חומרה | F2: אחראי לתיקון | G2: תאריך יעד לתיקון | H2: סטטוס | I2: נסגר בתאריך | J2: הערות / אסמכתא לסגירה
A3: 1
A4: 2
A5: 3
A6: 4
A7: 5
A8: 6
A9: 7
A10: 8
A11: 9
A12: 10
A13: 11
A14: 12
... A42: 40
A43: ⚠ כלל זהב: אין חתימה על שער עם ליקוי 🔴 פתוח. ליקוי 🟠 — רק עם טופס ויתור בחתימה כפולה. שער 6 לא נחתם עם ליקוי מהותי פתוח כלשהו.

Sheet רשימות
A1: טרום יציקה | B1: שער 1 | C1: שער 2 | D1: שער 3 | E1: שער 4 | F1: שער 5 | G1: שער 6
A2: 1. המצעים הודקו בשכבות מבוקרות לדרגת הידוק מינימלית 98% לפי Modified AASHTO | B2: 1. 🛡️ העוגנים במקום ותקינים | C2: 1. 🛡️ השלד עומד אנכי ויציב | D2: 1. 🔧 הגג אטום למים | E2: 1. 🔧 שערים ודלתות | F2: 1. 🛡️ תנאי סף: חשמל מחובר ופעיל | G2: 1. ✅ שערים 1-5 הושלמו ונחתמו
A3: 2. המצעים ישרים ומהודקים ויזואלית, ללא אזורים רכים; הגבהים לפי תוכנית | B3: 2. 🔧 הרצפה מפולסת, במפלס הנכון ובעובי לפי תוכנית | C3: 2. 🛡️ כל החיבורים מהודקים ותקינים | D3: 2. 🔧 התקרה כוסתה בצורה ישרה ונאטמה כראוי | E3: 2. 🔧 וילונות | F3: 2. 🔧 לוח חשמל | G3: 2. 🔧 אטימות אוויר
A4: 3. העוגנים במיקום לפי תוכנית, אנכיים, אורך הברגה תקין, מקובעים לתבנית | B4: 3. 🔧 שיפוע הניקוז עובד | C4: 3. 🛡️ חיזוקי הרוח מתוחים ופעילים | D4: 3. 🔧 הפנלים מותקנים ואטומים | E4: 3. 🔧 דמפרים / כניסות אוויר | F4: 3. 🔧 תאורה | G4: 3. 🔧 אטימות אור
A5: 4. כל השרוולים והחדירות (מים, חשמל, ניקוז, גז) במקום, במיקום לפי תוכנית, פתוחים ומסומנים | B5: 4. 🔧 תעלת הזבל / פתחי ניקוז תקינים | C5: 4. 🛡️ קורות הרפד ישרות, מפולסות ובמפלס אחיד | D5: 4. 🔧 האטימה בחיבור בין פנל לקורה תקינה | E5: 4. 🔧 מאווררים | F5: 4. 🔧 בקר אקלים | G5: 4. 🔧 פיזור אוויר בנר עשן
A6: 5. הזיון לפי תוכנית | B6: 5. 🛡️ הבטון איכותי ובחוזק לפי הגדרת מחלקת ההנדסה | C6: 5. 🛡️ נקודות תלייה וקונסטרוקציית משנה לציוד תלוי | D6: 5. 🛡️ הבידוד תקין ורציף | E6: 5. 🔧 סעיף מותנה | F6: 5. 🔧 מערכת הגידול (אביארי/כלובים או רצפה) | G6: 5. 🔧 לחץ סטטי (מהבקר)
A7: 6. התבניות יציבות, במידות ובמפלסים לפי תוכנית | B7: 6. 📄 מעקב פתוח: תוצאות בדיקת 28 יום יצורפו לתיק וייסגרו בשער 2. תוצאה לא תקינה | C7: 6. 🔧 הגיאומטריה תקינה | D7: 6. 🔧 הפלשונגים הותקנו כראוי | E7: 6. 🔧 מזרוני צינון | F7: 6. 🔧 מערכת ההטלה / איסוף ביצים | G7: 6. 🔍 מהירות אוויר (בדיקת עומק מותנית)
A8: 7. תיעוד צילומי מלא בוצע לפני היציקה (עוגנים, שרוולים, זיון) ונשמר בתיק הפרויקט | B8: 7. 🛡️ אשפרה בוצעה | C8: 7. 🛡️ הגלוון תקין | D8: 7. 🎨 RAL ואחידות גוון | E8: 7. 🛡️ רשתות לול | F8: 7. 🔧 מסועי ביצים / זבל | G8: 7. 🔧 מערכת ההזנה מקצה לקצה
B9: 8. 🎨 גימור ונראות הרצפה | C9: 8. 📄 סגירת מעקב בטון: תוצאות בדיקת 28 יום התקבלו ותקינות | D9: 8. 🎨 גימור ונראות המעטפת | E9: 8. 🛡️ קיבועים ומסגרות | F9: 8. 🔧 קווי הזנה כולל סילו וקו הולכה | G9: 8. 🛡️ תרחיש חירום
B10: 9. 📄 גיליון "טרום יציקה" מולא, נחתם ומתועד בצילומים | C10: 9. 🎨 גימור ונראות הקונסטרוקציה | D10: 9. 📝 הערות כלליות / סטיות מהתכנון | E10: 9. 🎨 גימור ונראות | F10: 9. 🔧 קווי שתייה | G10: 9. 🛡️ גנרטור חירום ומערכת התראה
B11: 10. 📝 הערות כלליות / סטיות מהתכנון | C11: 10. 📝 הערות כלליות / סטיות מהתכנון | E11: 10. 📝 הערות כלליות / סטיות מהתכנון | F11: 10. 🔧 ראש מערכת המים | G11: 10. 🎨 ניקיון הלול מבפנים
F12: 11. 🔧 חימום | G12: 11. 🎨 סביבת האתר
F13: 12. 🔧 מאווררים רצים | G13: 12. 🎨 החזרת ציוד וחלקים מיותרים למחסן
F14: 13. 🔧 צינון רץ | G14: 13. 📄 ריכוז הערות וסטיות משערים 1-5
F15: 14. 🔧 וילונות ודמפרים | G15: 14. 📄 תיעוד מלא
F16: 15. 🛡️ הפלת וילון חירום | G16: 15. 📄 אישור בודק חשמל מוסמך
F17: 16. 🔧 ציוד גידול רץ | G17: 16. 📄 ספר לולן נמסר ללקוח; הלקוח חתם על טופס מסירה; הטופס החתום הועבר למחלקת ההנדסה לתיעוד
F18: 17. 🛡️ אימות מול ספק / סופרוויזר | G18: 17. ✍️ אישור סמנכ"ל תפעול
F19: 18. 🎨 גימור ונראות | G19: 18. 📝 הערות כלליות
F20: 19. 📝 הערות כלליות / סטיות מהתכנון
